vid,split,label
Lp9rAMPaqLQ,train,xylophone
-0gYWIOfqdM,train,xylophone
NdzCe7COROw,train,xylophone
VcEhFKOTF7A,train,xylophone
nBHt2QYgzsY,train,xylophone
KPTyodoU2ng,train,xylophone
PF9PrzmkR2Q,train,xylophone
Jd5heRezP5s,train,xylophone
oQJVBH6ST7o,train,xylophone
DGn7xcsxMPk,train,xylophone
fhzqzm0dYuE,train,xylophone
dpnBlIZGyJA,train,xylophone
2kBkI6f1X_s,train,xylophone
GezwOJW568A,train,xylophone
Z36VEiqi02Y,train,xylophone
BwDQ9VIW74Q,train,xylophone
-XAsXmbExkE,train,xylophone
qLLwSb9YX5g,train,xylophone
9fOU26yd0Pw,train,xylophone
JkhKTTB0YB8,train,xylophone
6I846oP0E7Q,train,xylophone
c-Yr5qyCefA,train,xylophone
McMd-s4XpZk,train,xylophone
894n_sDSEc0,train,xylophone
XmjMGVv3TLk,train,xylophone
GF-3c8hBi9I,train,xylophone
Sw8346DYwME,train,xylophone
lVpWbUIW0gY,train,xylophone
EHKq3-zwphs,train,xylophone
loCRmBvtHZ4,val,xylophone
JbGvqve_JH0,val,xylophone
Xx0Haa8Fk2o,val,xylophone
Jtq-HDS3Zdc,val,xylophone
5lm9laLSORc,test,xylophone
L_ErwglZCJM,test,xylophone
No-IJw4uWMw,test,xylophone
fhf2cx9t4vY,test,xylophone
91MhpKVea30,test,xylophone
QoFHDWgxD9w,test,xylophone
0o22Fy2Hr3s,test,xylophone
ag7eC_pVobo,test,xylophone
lJfi82vd9eI,test,xylophone
EVp6jkgYuUc,train,drum
QxZO_ZxOZRU,train,drum
LfPea4VOU7Q,train,drum
6YkGjuk773U,train,drum
7uQ-FX2YPYY,train,drum
YPiD4WdnUMQ,train,drum
Fis5cOQ5tGQ,train,drum
2PKQczRfm1g,train,drum
F4IPsMGMPgM,train,drum
PkJWA3cf-z4,train,drum
b6TT-5B4dXw,train,drum
WVyd3N6u5YE,train,drum
5aa184rX0SQ,train,drum
5DYC92362Qg,train,drum
E_TBQsEEw5A,train,drum
bWPte6-VThw,train,drum
Vk9YR-NLkmQ,train,drum
YFxW8-V050U,train,drum
LRb3gwiLZI8,train,drum
HsW7ExtU7Zc,train,drum
KPV9sVau6T4,train,drum
08FQMisUWAY,train,drum
7jsI_0tw8MY,train,drum
GMGnSMNrvfI,train,drum
FnAhTPl8ees,train,drum
0yR5s-CSw4E,train,drum
Eo60m7SlbfE,train,drum
Me36Lr7rpAM,train,drum
MwHZRjcXgRE,train,drum
OuoWrVc8BkE,train,drum
3dbHMyBWR7M,train,drum
aXeErkTlDEg,train,drum
JBozc8J3LXc,train,drum
QVXgHLXaoFw,train,drum
RB2WGan5ghM,train,drum
6fRV-ERTGlI,train,drum
NhWImcVAnNg,train,drum
5yi3rSuvNyI,val,drum
NxcaesZGezI,val,drum
Ln6ynUjGa80,val,drum
XuZIw5OkZwU,val,drum
A8TgRagoY18,val,drum
4wZP4fl-JGQ,test,drum
a9psZCnRJes,test,drum
L4rFq-10UhY,test,drum
b-50KrgDpjU,test,drum
OVv7XW_4lN8,test,drum
XlxYlk8IShg,test,drum
EBWWzSobojo,test,drum
dfLQaboaa84,test,drum
9i1yD3mnqUg,test,drum
3daxf9BhdyY,test,drum
d1S-RVDZv64,test,drum
6Fm4fJTDr68,test,drum
U2NMdF5yzdE,train,trumpet
g1sNdUDTfJQ,train,trumpet
VQR_CcRrZA0,train,trumpet
sPtLTnsCgMY,train,trumpet
zJIt_KdE3Jc,train,trumpet
7q1E1pueAU4,train,trumpet
S3G9BjzPKXo,train,trumpet
Ba4ajAm0VDI,train,trumpet
I2QXo4mGeRE,train,trumpet
ZRpsKMe5dSg,train,trumpet
UFNc_74au6A,train,trumpet
PYjwNew61XQ,train,trumpet
eCQO6k5Qrmg,train,trumpet
S1iKARDRvX4,train,trumpet
aCi1P8Rymo4,train,trumpet
y-Y6QAUqSKg,train,trumpet
ufsSRKgUb6g,train,trumpet
nZ4HNz9xvSw,train,trumpet
ZuJEVqon3lM,train,trumpet
889Kxn_RYzo,train,trumpet
aavW-tx8daw,train,trumpet
TaII-y9-5Iw,train,trumpet
rZYf9Dl8ew0,train,trumpet
EwG7o3SS-r0,train,trumpet
eBoCeQtoFtM,train,trumpet
ZFp0yw9Dxcw,train,trumpet
8jxZMGYbQIw,train,trumpet
6G78knF3eFk,val,trumpet
_AtTFfgZvEk,val,trumpet
ds0ayqYweAc,val,trumpet
zhaLSfnahL0,test,trumpet
2gk-IN35s5I,test,trumpet
qsciXAjiwF0,test,trumpet
iqyw0xR5Wf0,test,trumpet
ENnSwgLc2B4,test,trumpet
2V12S02E2Jc,test,trumpet
wEF6fWnx_wY,test,trumpet
nKc4srJBgYU,test,trumpet
-dGfOlFsY20,test,trumpet
rc2taOIxV_M,train,piano
Z2uG1pYaLd4,train,piano
GhwLgGnTMG8,train,piano
s-UjwvJ0eeA,train,piano
KxuFM4z9EJ0,train,piano
3d1b4UH43-E,train,piano
2OMFkTM5Mrs,train,piano
w-IEfjDTi9c,train,piano
8P6PFNNCrgs,train,piano
-JBx2aQPlYE,train,piano
F-sSpzBT_Rk,train,piano
1eqS3rYvDjI,train,piano
UlBi8jgD_Ik,train,piano
2P83WJXifEs,train,piano
-_F1gRwExMw,train,piano
4tkY07v9YWg,train,piano
Ljf3tZGxaJM,train,piano
itv0qI0s0Cc,train,piano
pgedyY56-bU,train,piano
9FkzJE5-9gw,train,piano
pR9R6DxqAhE,train,piano
-94WkAANyB0,train,piano
OkP0XYvGBfs,train,piano
HdmrBA6sBYE,train,piano
Vs1NPirh2jI,train,piano
kZ4v2VjPWQY,train,piano
3P0h1Ib2kM0,train,piano
X2QQ9FPQjQs,train,piano
-xCpx2ZiicU,train,piano
Xafuav13p2E,train,piano
jTnHP1szyyw,train,piano
4ysUVsmTYoc,train,piano
04lh6kxa5Kc,train,piano
5EroGKuqxLw,train,piano
4fGE07dATvc,train,piano
XXmpQ0KkZ_E,train,piano
EshRpURraas,train,piano
Oe0njWj0KDE,train,piano
KKW1Gr3Xttw,train,piano
2avwRKFpUbw,train,piano
-ibvkmiORQI,train,piano
6NDCRp1mONE,train,piano
iN1dXiDWpw8,train,piano
2NaPqrUQ-3U,train,piano
TzE__VdRNKo,val,piano
wuVq8ksXZ8c,val,piano
U6j1KyG1mTw,val,piano
VIXuQuHWWAE,val,piano
wfAuQ0mS7n8,val,piano
jluODE_-Tds,val,piano
co1QtO9H8zQ,test,piano
Z1_Pkm_SCsU,test,piano
Von-UD2RWnU,test,piano
6YyYNvPORcs,test,piano
S0M77oMpTws,test,piano
4QWePxpUu6c,test,piano
2_valn6NOrQ,test,piano
Amk7Ssb5EHo,test,piano
PxBbwHKd-M4,test,piano
ZrLi-YLGVnk,test,piano
-z1JPhZ-BUY,test,piano
3-95PC9eX40,test,piano
kdB0igDRaLk,test,piano
2ZmGv8hr0ag,test,piano
Nap3NTXTNE4,train,congas
2LouW42GMpQ,train,congas
IKUVgbi1e2U,train,congas
LJ_IFurpFvo,train,congas
6YBD40q1ads,train,congas
BPMsd_gDFb0,train,congas
HhWAn3EXqrA,train,congas
1tPJuR1AWmI,train,congas
-H44pbRIg7s,train,congas
ByaSZ2dD0yY,train,congas
6Ubt6kjJJRg,train,congas
Ith2Ni8jg1Y,train,congas
JoIl89Ybhs0,train,congas
GB9mc0eIa_8,train,congas
FyJTmjsiDuM,train,congas
5QQb0kt_kAA,train,congas
9_ybb2vE4Z8,train,congas
341do4TeJT0,train,congas
K-EqzJG2W0U,train,congas
3TfXOozH1XQ,train,congas
4h550TCCd9w,train,congas
3C4RYkpivCU,train,congas
DocbWENGxsE,train,congas
AX9ygkC_3SY,train,congas
NOYN6GRhnTs,train,congas
IS5LJPPQC68,train,congas
6XeB5fgtU9Y,train,congas
HJL0k3fQx3s,train,congas
7VEwnKM85xs,train,congas
GMYP2T_ZTkw,train,congas
F6bIb1ucefE,train,congas
Bsgp-hgtF7E,train,congas
6gjpPVZnO64,train,congas
ARNQJIxtj7E,train,congas
L6V8S8U9iLs,train,congas
E_ugm84TMvo,val,congas
1fbHYpRstQs,val,congas
KsvxsTNvqno,val,congas
DLziSt24jrg,val,congas
A22AWJ6zFBs,val,congas
KW2cyLN7bRM,test,congas
LOm0yStU_YM,test,congas
6PgAIsZOc5o,test,congas
FJiGcSP4Dak,test,congas
8RjCoqH6jdM,test,congas
4Tn7MBNTFAA,test,congas
HeWD0YLbwOw,test,congas
4B-mDmpRA4I,test,congas
C3QJz0gN9i8,test,congas
N8v-xQ0p8yA,test,congas
wEzEcfz1QS0,train,flute
SMp2-xo1lZE,train,flute
eHbxLcoLWYY,train,flute
uJnD0NCyJoc,train,flute
qb-ttddKLYo,train,flute
d5IO46KfjR4,train,flute
LKVxvHeb8hs,train,flute
unRA0xR-XWc,train,flute
9L4BvIDqhm8,train,flute
tfcNUo8qjrA,train,flute
QAiwlq3aP2U,train,flute
YR6kjiPyNHU,train,flute
7Zudy1bw7bw,train,flute
8o5ngxZaYYw,train,flute
j0U_hqIH_XM,train,flute
oEb2mlij38w,train,flute
3-zT9mN8Lio,train,flute
X8rR0SV_BhU,train,flute
D5gWhSH7jRU,train,flute
BO7_8o4QSr4,train,flute
SAN5JBTnlas,train,flute
B0xFpw9qvD4,train,flute
XlPvAkLT3Yw,train,flute
1fhZ3iBeK2g,train,flute
hYepU4PQFAo,train,flute
cyUUlWSEujk,train,flute
kbTy_5o6AB4,train,flute
cTO_2R81fdY,train,flute
GouIcBwgP_U,train,flute
f1a-JF06840,train,flute
KgebjbW1mGk,val,flute
sybsjsj1zPo,val,flute
BhXj3rVWGZ0,val,flute
3q104tR3k2Q,val,flute
WNeHlya4VnQ,test,flute
E7E1kMExVcg,test,flute
UZK_2bTuzrI,test,flute
MvPqp3oZwOk,test,flute
tAuYNf2hqHU,test,flute
Wt40rzyGSBs,test,flute
UD2SYltnnlY,test,flute
jW_AuF6dQYY,test,flute
cZoWhKTZTYY,test,flute
0PqIvfpaVSc,train,violin
10RkjPIguAY,train,violin
-UoFXtE2eqk,train,violin
K1LRscO7TSw,train,violin
H-j5lp2QjEE,train,violin
BMhnTdy-A0M,train,violin
j43Hj6k9Zy4,train,violin
ZFuLPm6-kVw,train,violin
vYr0vft28Tg,train,violin
6uqTP6obYNM,train,violin
9dOqmTMqp1k,train,violin
HHaApvpQVdQ,train,violin
nvjfuTKz2yA,train,violin
nUZ9jX1J78c,train,violin
ZgGEuzLZw2E,train,violin
VtZXRWtp5G0,train,violin
DR03cfIsEts,train,violin
HyD1g1KDoEE,train,violin
9OZHbvWdBbQ,train,violin
-_jlqeSs6ZU,train,violin
rg41DcQAwWI,train,violin
nyOkMXal0yA,train,violin
XlvlHfWjKx4,train,violin
qKnggsxx2II,train,violin
PZoaEmxrsZQ,train,violin
I0Cyq1YlSVM,train,violin
ySFS1KgXerA,train,violin
YK94q0Fwquc,train,violin
pQ9IiR2pFQY,train,violin
X2hHGcwLPhs,train,violin
KG-tXicVpsg,train,violin
rxr5tTH8_mM,train,violin
NIEqzh0dvow,train,violin
8mDNLCo1McQ,train,violin
TOLoplXKr7U,train,violin
CaeZoHNHul0,train,violin
85KcVDCQLfc,train,violin
2ZxAVUsuE4Y,train,violin
kuNep98Fd8o,train,violin
naAz_RNicmU,train,violin
bapfkDpaSGw,train,violin
MeAWoVYCPL8,train,violin
P4KxMdjna0k,train,violin
GysCM0WBZzM,train,violin
IGouH5bKhj8,train,violin
w81p5ty4OZc,train,violin
WjwOm5pJlI0,train,violin
9g20WQ0WHn0,train,violin
r2w-OciR4hw,train,violin
PWX_mohRkQ4,train,violin
9kwbEUqCNbU,train,violin
MfzC4e3nD4I,val,violin
cMYr693e3Eo,val,violin
VuDxLNdxl6I,val,violin
kXB2EMfU7Ho,val,violin
UfP31JXZbKU,val,violin
41b8GUEx-OM,val,violin
JByLsqhRL_0,val,violin
nvzbPGgv7R4,test,violin
TyMrlwmg5M4,test,violin
Sw04q5d7d2Q,test,violin
-L5Bo-mWKCI,test,violin
X2gQ8Jnk2P8,test,violin
pWGLb57zbz8,test,violin
lp4_79ooAQo,test,violin
P3RSXOzak0o,test,violin
h-58UapA8gY,test,violin
l7LptHCRkQU,test,violin
-5CDUnGu3jA,test,violin
BQq0jYGyyuo,test,violin
-tY40Ev8IzE,test,violin
QqKlMPzQj7k,test,violin
yXKJiqOuvkA,test,violin
Lop_iMipljc,train,banjo
oqHi5-Io4Uo,train,banjo
RUUtdFmg03M,train,banjo
lB_RvsXu5Y0,train,banjo
KQ_180EILow,train,banjo
zkA4sRrrHVg,train,banjo
AJOIqmlI65Y,train,banjo
KjkMQ12U0I0,train,banjo
F9JPakNkuok,train,banjo
v5bCWMzpeX8,train,banjo
VPKf9yRkKf4,train,banjo
1t-zt8nAsQo,train,banjo
-XMgVGqJm8U,train,banjo
LeH5Urwtlug,train,banjo
KfGoWjfrDNU,train,banjo
GXcRI0BdioE,train,banjo
mUUpqPK_w-o,train,banjo
NcjXqWPG2Nw,train,banjo
j-B6-AoZpo8,train,banjo
VLAFJ3PD830,train,banjo
HO2irXZhr-k,train,banjo
JxgWTP5Nnww,train,banjo
UMCbhbok-ec,train,banjo
zPzDLRIk6Es,train,banjo
JB8-oKS6K-8,train,banjo
nZ2ucr74YNk,train,banjo
4ftnQdEaLO8,train,banjo
pXE3Bl5-GoM,train,banjo
5IoSJhlLmqI,train,banjo
B2rJa22OHkk,train,banjo
BxdQ2OKFP3Q,train,banjo
TUrhztP4TGo,train,banjo
5675YbIvcz0,train,banjo
pBU7dNbUxQs,train,banjo
XlS6Ao_V8nE,train,banjo
3TJPKAfxyEE,val,banjo
KenJhs2kS3Y,val,banjo
t6B3JugXgTI,val,banjo
zacX_7sb4j4,val,banjo
5e3dhOOmz8g,val,banjo
4DEgI36KJUU,test,banjo
47Hl3Rb2164,test,banjo
Hy-gFmxHhxs,test,banjo
cFdMRCeB8WQ,test,banjo
i6t-dNA9Fck,test,banjo
e2aq2A6Bhuc,test,banjo
U7X8kVuyZTE,test,banjo
aFRh4pn6yzY,test,banjo
LIocmQeT8_Q,test,banjo
WS-i7gOmKSo,test,banjo
UI7k6m8Gdz4,test,banjo
S86qStDAz3A,train,cello
2R12lQszz90,train,cello
TBngVoy_GrE,train,cello
FntHqAlD1S0,train,cello
Rj5XJO5T8PY,train,cello
Rr1UkDkhDlA,train,cello
1Ju4S0qeDqw,train,cello
U2s_4d0ZLT8,train,cello
PEyIPSlJNQM,train,cello
SyToSKUxgKs,train,cello
VYkZb7F4zKo,train,cello
M3YZEmQyt6c,train,cello
ZcKsPFZG4_0,train,cello
DPSLdZBaQTM,train,cello
EtP6JBWtd7s,train,cello
I--nizkVQzE,train,cello
CjNKUiFHUC8,train,cello
MUalqwUFrPs,train,cello
XS_dSmZ0xbw,train,cello
MvkJvZSOmjY,train,cello
MCftKtqmH1A,train,cello
IcV9yqQOqkw,train,cello
Lq3671NhNZk,train,cello
NhkPpOvrtz0,train,cello
-Gdh8N_KpLY,train,cello
7RRqeIUqXPs,train,cello
WVeheJFHQS4,train,cello
VlIcqDWmPkw,train,cello
I0LedcEaPL0,train,cello
PCicM6i59_I,train,cello
3N1KAaBJkwU,train,cello
EvBzKBdfZxA,train,cello
Mff3pp-Fj2w,train,cello
4Oy5VmaacaI,train,cello
CSKOEhh5nBk,train,cello
19CdPaHrVPQ,train,cello
5Eg6GNhszNE,train,cello
-_-TDDxoaAc,train,cello
QeravklOaAg,train,cello
VdFnyZWJAgo,val,cello
IlDWk-x6Cag,val,cello
_oUTOskOwXs,val,cello
97UEABGyyw8,val,cello
2ARPm0djKIk,val,cello
B22eZY1PESY,test,cello
YmKMEpt9OjQ,test,cello
R6M2LLmUg1k,test,cello
Mh2tJbJiWQQ,test,cello
FcO9w1mYEEs,test,cello
XI7Fx7rJt4I,test,cello
-3V-vUMkHqk,test,cello
QZEkGj9m1qs,test,cello
-oe-KptPGnY,test,cello
D1DjJqqK5Rw,test,cello
_Nr58vTAIkw,test,cello
9xj3e5A8XwE,test,cello
UIG0kM1HzC8,train,guzheng
WgqK2DARbIQ,train,guzheng
Lje_xoSVBdQ,train,guzheng
8zJgbPSLDLw,train,guzheng
ZPpbacaDz3k,train,guzheng
-mXzp53rYGs,train,guzheng
lEDKJFgpakg,train,guzheng
5OrjP43Yigo,train,guzheng
Owzy345m12U,train,guzheng
oWvLCWWZVYk,train,guzheng
4QYLzfVmyvQ,train,guzheng
6Gji_i1TWPY,train,guzheng
_3pLesuLT4w,train,guzheng
D296jSWKxiM,train,guzheng
1fsMnm7bYLg,train,guzheng
txpFPySWtiE,train,guzheng
0pXFhOg1o2c,train,guzheng
-zIIUIlfKlY,train,guzheng
HpVhQbyM2dc,train,guzheng
7wmiNt5a79s,train,guzheng
YiE-dyrpRgA,train,guzheng
whJrRfjMSqE,train,guzheng
CKCY0Ib-PRY,train,guzheng
SttBt3AqBgE,train,guzheng
F_AqoGpCWHg,train,guzheng
lVQYZKrq1aY,train,guzheng
0AKB1aSpyNg,train,guzheng
8lol9fS2CHU,train,guzheng
H6fPWLu6biA,train,guzheng
9-wVKmUypdk,train,guzheng
msVlr2fgcgM,train,guzheng
vTNNzAqqeZ8,train,guzheng
kao4iqPuQBI,train,guzheng
PobONF_Mj4g,train,guzheng
EXMQITpeeaM,train,guzheng
nCvy2n4ET8Y,train,guzheng
B41ywedBQvc,train,guzheng
603xwk_CKug,train,guzheng
stnmYDeNpZM,val,guzheng
0px0WUwkOy8,val,guzheng
04YOTL2kL6g,val,guzheng
c47xY7mCm-s,val,guzheng
dXiiW1p_lTI,val,guzheng
pfGRBQiaYZo,test,guzheng
Cml4I28SUHc,test,guzheng
aYCanSq5Y7E,test,guzheng
OCmsvdY_9RM,test,guzheng
qs68YTfKHkw,test,guzheng
nCEKU3Rpvok,test,guzheng
iV7keFNGaYg,test,guzheng
q_ycwl0c448,test,guzheng
8iry5jpDxV4,test,guzheng
_j9vqO0KN_A,test,guzheng
Mhc9ckO6esk,test,guzheng
PoJuodmk9Ms,test,guzheng
_vK5_XW9GSY,train,ukulele
4lV_9hLcj7M,train,ukulele
6nxSuOPWrn4,train,ukulele
1q4euBbHF_8,train,ukulele
_49-JJzSxTw,train,ukulele
48E4sS8K-bM,train,ukulele
bKKVoO7YIU0,train,ukulele
9i79TXP7V2c,train,ukulele
5P7iGxvFI4Q,train,ukulele
cIR1PDcHaew,train,ukulele
2TLnVbJzH3E,train,ukulele
4q7L3TX3Hl0,train,ukulele
aHcioiqgBec,train,ukulele
2ngAIYZqDxE,train,ukulele
aV-74W7SdJ4,train,ukulele
COfSRe0FHWg,train,ukulele
9cko37myhM0,train,ukulele
07BlCwnia_U,train,ukulele
bGfyLBoZPM4,train,ukulele
aJNKsB9sJLA,train,ukulele
clt393v6Yqk,train,ukulele
bLAMDQw7Wqg,train,ukulele
_GX2U3acD10,train,ukulele
6MEnSbm3xl0,train,ukulele
B-uzLWNKUeo,train,ukulele
cJYXUEOZvYM,train,ukulele
2ZTKgdvVo7k,train,ukulele
D3XElpEghKo,train,ukulele
_E3NGUxRSo0,train,ukulele
b1ZNLsvmRNQ,train,ukulele
087sDeYPdjY,train,ukulele
6FhYpuJyGT4,train,ukulele
141eeOiScwo,train,ukulele
CbMDgotakIc,train,ukulele
03457UbxgQ8,train,ukulele
CG37e-Q2NeU,train,ukulele
2skFRfSMYnQ,train,ukulele
3wL4J4IDh7c,train,ukulele
AQBgyM8NrHQ,train,ukulele
Bsd2TJw0Wss,val,ukulele
1F3ay026U60,val,ukulele
b7p-tCYilKM,val,ukulele
4PUBRWXm9wQ,val,ukulele
9L3e1AuZNIM,val,ukulele
7BmfAEYe2cU,test,ukulele
0DBd-xYa4Ck,test,ukulele
7Lx87M3tD-4,test,ukulele
3d3uNrjqXB4,test,ukulele
aJpxlrsy2As,test,ukulele
_vmWIk6aRXU,test,ukulele
BRm0ZXL7UYE,test,ukulele
3XMD9TRDx2s,test,ukulele
9wCGsvu_3Aw,test,ukulele
6D0ciGPtcqo,test,ukulele
8rC8IAvOjl8,test,ukulele
CTtHozrSfh0,test,ukulele
6E1IGb3137U,test,ukulele
dijkShln-ig,train,bagpipe
9YNITyPKZFQ,train,bagpipe
Q8efUjCGqvo,train,bagpipe
TM-dWqH4qFI,train,bagpipe
T7cs_RGdb9k,train,bagpipe
6apsC8o3f6k,train,bagpipe
PeT8aBVvtFI,train,bagpipe
JeohKdrShNI,train,bagpipe
Q5-AV79Rh5I,train,bagpipe
lTVGdSchoPs,train,bagpipe
tWH7qKYl5uQ,train,bagpipe
M7FQHjE1AGY,train,bagpipe
6A6wmDbAG7s,train,bagpipe
mRIeWFw9040,train,bagpipe
-ktVpJDWu_k,train,bagpipe
kjKR2GBuQWw,train,bagpipe
8VfMykySryc,train,bagpipe
9VaXf5R7Xs8,train,bagpipe
bcSGjoMLe4A,train,bagpipe
sqT7a8TBgOg,train,bagpipe
FryEgnBZN8U,train,bagpipe
fwBwJFRrD4w,train,bagpipe
C74cF3O6ZFo,train,bagpipe
FYxv-VOKa40,train,bagpipe
ljHG8rMHSHc,train,bagpipe
cZa21THo--4,train,bagpipe
SkXnQi_nNbk,train,bagpipe
ONAQPiivnuw,train,bagpipe
8caeW1WShg0,train,bagpipe
kw-OQpF9N4E,train,bagpipe
vd1dgdxlA94,train,bagpipe
xdgQ6LJFGTI,train,bagpipe
1n44lCfG59k,train,bagpipe
Ee9n3mxehr4,train,bagpipe
wh4H5Cfg1RQ,val,bagpipe
h-gSV3p0m9E,val,bagpipe
RK__-JoNte0,val,bagpipe
Z4CRwrR_lBE,val,bagpipe
jPaCkyptN1s,test,bagpipe
49EvJsKoEko,test,bagpipe
IgtMKN8awWA,test,bagpipe
XEj3ejyxjNU,test,bagpipe
CQnWcgZfqRM,test,bagpipe
ErtFfLCNtz8,test,bagpipe
frHmgK4u0Gg,test,bagpipe
wfGx5L88O4Q,test,bagpipe
Nn4Acs3JmI0,test,bagpipe
dAOjddR-84E,test,bagpipe
1nHGmlUj8GM,test,bagpipe
35mRHs8Zers,train,bassoon
9YS7ReG44zk,train,bassoon
I5LCi0sWTU4,train,bassoon
C2si-AWsap0,train,bassoon
5VACMCjJduY,train,bassoon
bLvdb6haNVk,train,bassoon
HI8t07KXWaw,train,bassoon
Aiantckb2lk,train,bassoon
Cy1i3u-Lz1w,train,bassoon
VVq9NZPpaJc,train,bassoon
BQH7E8ByxC8,train,bassoon
11KsiMpJg2I,train,bassoon
Qy2y8X-Ec8Q,train,bassoon
Te3bHjd0kdc,train,bassoon
-QEVcuzr5bQ,train,bassoon
8B9WaDcotLg,train,bassoon
DF3RPgRYw7s,train,bassoon
98Menrr741Q,train,bassoon
ZSJu_zyOaWc,train,bassoon
Hb_UTQsnFqA,train,bassoon
VcvG3_CEScw,train,bassoon
LzTaV_X7srE,train,bassoon
ADWqPAMyXto,train,bassoon
FYqqkgkeYrI,train,bassoon
Sd-tIwLzonE,train,bassoon
V8ifoas59TM,train,bassoon
EbqdFn9dNvM,train,bassoon
2toke35E958,train,bassoon
7zfk-5Wq5Aw,train,bassoon
I1K7TJcgOsE,val,bassoon
Ba5_zNpzAgw,val,bassoon
_YvHViIph10,val,bassoon
CO6CPC-NZhE,val,bassoon
C8_XWkQ-97Q,test,bassoon
XFcB4jGhOBE,test,bassoon
Gt8Sfng1YCA,test,bassoon
GAZvmnoaMAs,test,bassoon
Ujpp_SiEAlY,test,bassoon
2XY77lk_LCQ,test,bassoon
bSJ2gRMbDjg,test,bassoon
FGSdBlb55Ao,test,bassoon
D0gOvIiH8Hg,test,bassoon
c7Jyu_OiEB0,train,accordion
2WZsNZrbt6w,train,accordion
YhwsPeOGnGg,train,accordion
PMDSfAZ4-eo,train,accordion
_jPFkOkNjuo,train,accordion
CgCMBFcifVE,train,accordion
qBnsIqyXheM,train,accordion
7G6QVPCHv6Q,train,accordion
MKSTzG114d0,train,accordion
Y5EwbTgIswk,train,accordion
1mCi6eWXVbg,train,accordion
Oytzh19NE6w,train,accordion
cFskXS823Kk,train,accordion
Dcp8AuzTG-w,train,accordion
RRjph7N4hvk,train,accordion
KC2RgtW4IZ0,train,accordion
Ct-SQmiA31s,train,accordion
-DlGdZNAsxA,train,accordion
QaOUijKCqZU,train,accordion
vhVtX8F0-BY,train,accordion
phwHB8nASOo,train,accordion
oOCHF3GgKLs,train,accordion
2gyrqiqTuiM,train,accordion
OIBq0bBziuw,train,accordion
7C-udYVfjoY,train,accordion
1LnKd5cuqIc,train,accordion
1oz3h9doX_g,train,accordion
kCMA0wi7i6Y,train,accordion
UKk9DJD1jOo,train,accordion
q4kscRK91y4,train,accordion
qMFYRw0uZ_E,train,accordion
0N26WnKiCIg,train,accordion
UYp3dKioAao,train,accordion
cp_0VICDDSc,train,accordion
MnoQccPJbyM,train,accordion
PohzBumrY2Q,train,accordion
A2p8VW61RGc,train,accordion
9okuB-rub8c,train,accordion
ADxyFxpe1ls,train,accordion
6hQHOZNwfRs,val,accordion
ZoE25YHTGDQ,val,accordion
XZ1rUpbdu-Y,val,accordion
4jGq3kfsJpg,val,accordion
t_3Zm1PbydA,val,accordion
9tiymgwLnKE,test,accordion
OnT8HuJuuIA,test,accordion
nQpXK7PS-oo,test,accordion
E6jlrR-M3tk,test,accordion
Z_yNLFYjpsY,test,accordion
Q-Jkk6mJ8AI,test,accordion
s1hBC8N4-Zo,test,accordion
yn1NaZWN_qQ,test,accordion
STtGADifdUw,test,accordion
fful4o8CIW8,test,accordion
bq5utI8KK_8,test,accordion
iB17xqmFw3A,test,accordion
yy2vL2RUiPI,test,accordion
TF4sJHBIYEo,train,electric_bass
HosvsEE5SqA,train,electric_bass
EanNPdLUh9U,train,electric_bass
W8buacmF8g0,train,electric_bass
0lSLVJRTeEI,train,electric_bass
pHUAsuSJeoA,train,electric_bass
Z9KLfRIrGXs,train,electric_bass
ensmwD87FjM,train,electric_bass
kx6qqoGft2w,train,electric_bass
gK3ooFKujO0,train,electric_bass
wkkzzAjSxDs,train,electric_bass
pfIpwtClF4M,train,electric_bass
5UcdHNTO1-U,train,electric_bass
FrNjZANKt-Q,train,electric_bass
QoBoHAujB6I,train,electric_bass
CFcPlv9RhEY,train,electric_bass
wnsA_6nhIIE,train,electric_bass
BWqae9kUD_M,train,electric_bass
QWttV5rZMrg,train,electric_bass
OgRf5gri-9k,train,electric_bass
hDYLqqa1FNQ,train,electric_bass
8ikHR0ylWRI,train,electric_bass
T90-aKvgnkE,train,electric_bass
cPKV0QF9Scg,train,electric_bass
nMLPDNPibO0,train,electric_bass
qLfSgZThsDM,train,electric_bass
tacEJsR5akI,train,electric_bass
aY4Ra2KOyas,train,electric_bass
H4K5buSMzdA,train,electric_bass
NeayVC7CEvM,train,electric_bass
dVxfGxQq-vc,train,electric_bass
7gP4eJzp8Ro,train,electric_bass
z73RZix8Q_o,train,electric_bass
Uu9lMixnPGU,train,electric_bass
XuZLtMrCOoU,train,electric_bass
fxG1YUtix_o,train,electric_bass
dAhEqfqAv38,train,electric_bass
APf1PdRXnOU,train,electric_bass
D2bFizJfvi8,train,electric_bass
xtVkxXOu_Mo,train,electric_bass
HTVwm7_4sbU,train,electric_bass
YPYX83m1n_g,val,electric_bass
Giy_Btup7DQ,val,electric_bass
XbEz1mvQyvY,val,electric_bass
_VwGcE2IOMc,val,electric_bass
Yz6izw5dhn8,val,electric_bass
yIdYBeCS1KU,test,electric_bass
kJAJZ0Xn4pA,test,electric_bass
b6_iAVepfo8,test,electric_bass
mvE-NTWT77c,test,electric_bass
W1I1I6J_U5Q,test,electric_bass
pBJUB98yZTw,test,electric_bass
pgrp8zXJcrY,test,electric_bass
3yRMbH36HRE,test,electric_bass
jf0ondpk0jE,test,electric_bass
6EaTems2LNs,test,electric_bass
-wxurZAFJWA,test,electric_bass
QUAQqGpml4M,test,electric_bass
xjhZhI2Zthg,test,electric_bass
2tG4y_uyEAY,train,tuba
_idF1Hf3-CI,train,tuba
GPh_9jtWub8,train,tuba
C952gmBlkIU,train,tuba
35TPV7_D7do,train,tuba
WSRAO6abxog,train,tuba
1rcU3mH1VVA,train,tuba
GSol2w0QnJE,train,tuba
BabDKZLYlyE,train,tuba
N3nwDmWvsF4,train,tuba
LUZf782HzNo,train,tuba
SDR39fhyZRI,train,tuba
8EU0xM-pQOI,train,tuba
Aibr0BCz-Yk,train,tuba
GV2bbRPFhvk,train,tuba
73ikMuXwKgc,train,tuba
G46O0IzYtt0,train,tuba
DVrCy36Uigo,train,tuba
C3s60zFIPTs,train,tuba
4CTkB84ukfY,train,tuba
9RSYp7jWRfY,train,tuba
LKMBOuDkEqo,train,tuba
8YNdpTm2vsc,train,tuba
YtOvrQNMkY0,train,tuba
UNFwNbFdiTI,train,tuba
KrlDeCWv9ak,train,tuba
ASUUqMvTdjg,train,tuba
6pkShdDe9LU,train,tuba
4-hZDt0Vr5I,train,tuba
VA1EolcDwZI,train,tuba
-X4loU7hcpw,train,tuba
JRPtROMynA8,train,tuba
NDVxjRCWjYU,train,tuba
Xm5a8vCHlFw,train,tuba
W9VsprvJQAM,train,tuba
P_lSgczU2Sk,val,tuba
Gufj4Jhk92I,val,tuba
ALMOnRonTPM,val,tuba
AKNt1SF-5VA,val,tuba
InzjAr8VdvY,val,tuba
4AsWvRTLPWI,test,tuba
V9NILCtoTkc,test,tuba
S9ES30JJTZc,test,tuba
1owUN7YXSzE,test,tuba
aerJoJj--HU,test,tuba
AAUm9njcMRk,test,tuba
ZtVxXYObmOQ,test,tuba
4lVuJEIaXgo,test,tuba
8sgzGhxw-tM,test,tuba
HQveyGmUBSs,test,tuba
43N29koKyPo,test,tuba
5W0OTX18wG0,train,acoustic_guitar
3AQsq1PG1Wc,train,acoustic_guitar
OBbmnUIJQDQ,train,acoustic_guitar
7SPnwtQkUb4,train,acoustic_guitar
9f7XNFTs0oc,train,acoustic_guitar
8rcClHLysvU,train,acoustic_guitar
Czn6lg--pRw,train,acoustic_guitar
AAnID4RS7Vg,train,acoustic_guitar
YwDABKyGY_g,train,acoustic_guitar
MhNjhYrEbrc,train,acoustic_guitar
HGlIImajcRI,train,acoustic_guitar
An1z4o0l68c,train,acoustic_guitar
Pzf9MQKkoNM,train,acoustic_guitar
40KRN9rzkpk,train,acoustic_guitar
HPyM9xzrih0,train,acoustic_guitar
S2IWw6z-cfc,train,acoustic_guitar
8RblA-E3140,train,acoustic_guitar
2CcXQsF06Xo,train,acoustic_guitar
MJmVYLWPnCI,train,acoustic_guitar
9EizWhixKCg,train,acoustic_guitar
72yB-xyIcGI,train,acoustic_guitar
FoOVn7MACAE,train,acoustic_guitar
X4UWEifacwI,train,acoustic_guitar
60tvG40iSxo,train,acoustic_guitar
-4nIqLncdB0,train,acoustic_guitar
ZANyOBEWiJA,train,acoustic_guitar
IPsA3sz934M,train,acoustic_guitar
-piYS0yc_dI,train,acoustic_guitar
XTKxjzg1xwM,train,acoustic_guitar
At63FPRHLAo,train,acoustic_guitar
D6RmuscqupA,train,acoustic_guitar
AszMf9QGxug,train,acoustic_guitar
XYizxH7yAqA,train,acoustic_guitar
MVZGmcXU2D8,train,acoustic_guitar
9sYVHOsxdEA,train,acoustic_guitar
Eaq914E77oY,train,acoustic_guitar
DvbeXXoraro,train,acoustic_guitar
CeOAuSm1NUo,train,acoustic_guitar
30BRN7-KOG4,train,acoustic_guitar
2lJh-6TYdX8,train,acoustic_guitar
3zi2fHlfP_8,train,acoustic_guitar
8YELO9yxs_c,train,acoustic_guitar
8LU-kq19V3Y,train,acoustic_guitar
44FPny8k4DM,train,acoustic_guitar
DeQHA0xP2zk,train,acoustic_guitar
9SZLDvRaHEA,train,acoustic_guitar
8UirJ7SEBm8,train,acoustic_guitar
9bEbuj4Qb3I,train,acoustic_guitar
3AuhKu5mlqM,train,acoustic_guitar
9npqVThPBw0,train,acoustic_guitar
TzbeCt4_LFc,train,acoustic_guitar
4TFz7QX5aNg,train,acoustic_guitar
KOt3oARDH9I,train,acoustic_guitar
ZvLT_J9Uv4o,train,acoustic_guitar
1E7U1w2Z8C0,train,acoustic_guitar
2eXkRj4DjaM,train,acoustic_guitar
86hnEemgPPw,train,acoustic_guitar
1i8XHo25_KU,train,acoustic_guitar
M3dekVSwNjY,train,acoustic_guitar
1XfdURNeY6s,train,acoustic_guitar
7zrsesZWrhc,val,acoustic_guitar
5awjINljUoo,val,acoustic_guitar
Y-dpHbPGQWE,val,acoustic_guitar
HaX5E66eW24,val,acoustic_guitar
75bCUXEv1hs,val,acoustic_guitar
1OsOEt5Qpfc,val,acoustic_guitar
5UZF3bGoZpM,val,acoustic_guitar
7_eFPuFPfR4,val,acoustic_guitar
0H7Q1Env4UY,test,acoustic_guitar
RgB3wzNVZyY,test,acoustic_guitar
-6dwiJ-m4K4,test,acoustic_guitar
26HLgXWF-Co,test,acoustic_guitar
PDohhCaNf98,test,acoustic_guitar
_IcBMTI8PEQ,test,acoustic_guitar
09C8NuLfsxc,test,acoustic_guitar
XdoR3Mw217M,test,acoustic_guitar
A0vpsRipL7c,test,acoustic_guitar
9ygrq7in_uI,test,acoustic_guitar
4AI18Hhy5No,test,acoustic_guitar
-8AgRz5Jdrw,test,acoustic_guitar
8OocjGxAtHw,test,acoustic_guitar
1TBxNBIUx3o,test,acoustic_guitar
PY3pK0Guf2Y,test,acoustic_guitar
1MiyvDB_bzM,test,acoustic_guitar
ZeQPNWdFs_4,test,acoustic_guitar
PA8DVnECfh0,test,acoustic_guitar
hf1QMr3zCv8,train,pipa
e_fjBNBIZus,train,pipa
WKeppEkkL-Y,train,pipa
Hw7Z9LUqCSI,train,pipa
-eNT-Gvikbs,train,pipa
XIcV5kBVIbw,train,pipa
eAS-Lj0IRk4,train,pipa
GL-1Ke5Keok,train,pipa
xeaucgrqsTY,train,pipa
JS52vNlLVZg,train,pipa
HXHJ1hPyHd8,train,pipa
9CvJ2b4R4ts,train,pipa
41iiV-wahIY,train,pipa
OoV1TBZamMI,train,pipa
E5elpplcRY8,train,pipa
clVigOfCCNc,train,pipa
iVzOtFTfgrg,train,pipa
KS-fMmS96XU,train,pipa
IHZSAJkNpps,train,pipa
kzaqMF5T5q8,train,pipa
fFkthPInr8k,train,pipa
qljUWQ1rY3Q,train,pipa
7171YEDwyGc,train,pipa
5iKfNcUcPI0,train,pipa
KGpMybCq8lg,train,pipa
M1BTN8GCtSE,train,pipa
EYGbVrIlL6M,train,pipa
oqwostd-nHQ,train,pipa
FpFuu7cbVt0,train,pipa
6syzZgAk2vI,train,pipa
1K-0VC9hWIA,train,pipa
BxmkJkFr1nk,train,pipa
5wtXVHH99PU,train,pipa
JBan9Gxa3Sc,train,pipa
DIt5UQR1tdo,val,pipa
4OX1co9IV68,val,pipa
JeZyrStc2ws,val,pipa
W65r_CnPlKg,val,pipa
_MkybbNPYFI,test,pipa
rYeUVUQ9lzI,test,pipa
Uh_PzT65l2E,test,pipa
6AukD08i9GM,test,pipa
qHOw-XwugYM,test,pipa
zhevOlbQf8s,test,pipa
18Uttg-RRIU,test,pipa
zOWt7kRh9e8,test,pipa
qZZ1t3ubduo,test,pipa
70vWxJiWrFU,test,pipa
3RP8GYBEiiw,test,pipa
LPqBkF5NVSQ,train,clarinet
U6iN9QcIp7I,train,clarinet
23DDVbzSig8,train,clarinet
aZjtE82spMA,train,clarinet
JnAAzR4XZ-I,train,clarinet
TREfn2OfujU,train,clarinet
cEhrpbRf-DY,train,clarinet
PNnZ8wScXjw,train,clarinet
ZXz0cVq_RTI,train,clarinet
GQGBzVaDTmM,train,clarinet
GKwO7cy2JIA,train,clarinet
b9hVMnMfLoA,train,clarinet
X3GbAKww1KI,train,clarinet
DS500VD8YDg,train,clarinet
EXKxvMVayRk,train,clarinet
IFEP8Z5Qos0,train,clarinet
0OrLdMPOyos,train,clarinet
focoWBYg16w,train,clarinet
cZ9-NYYmhXw,train,clarinet
eIqVZuyPu2U,train,clarinet
5ESDEU04WSQ,train,clarinet
P5nnnybNQ_o,train,clarinet
5HNlS9UFELE,train,clarinet
iLeEWSC2M2U,train,clarinet
iHQIK5JM3Xo,train,clarinet
2D5nT67CIRw,train,clarinet
W9ZICrM6V-s,train,clarinet
_O1mTqCSo6E,val,clarinet
RqPkcu-xidI,val,clarinet
IZx6ZXWuOGY,val,clarinet
D6YQ6WwWZrk,test,clarinet
WnUAJsk97k4,test,clarinet
-PxCSCYT6rw,test,clarinet
82pGU0POQSM,test,clarinet
MqB8Ux4DsIM,test,clarinet
aTYc-hHt4us,test,clarinet
0IRJ75zgcAY,test,clarinet
TKN7q-aEwZw,test,clarinet
ZYMb7ZJkJgc,test,clarinet
LqyX7bRrMTw,train,saxophone
lm51ySOO71o,train,saxophone
iEOdwzdXmfE,train,saxophone
x5Bzb6R73JQ,train,saxophone
8U4tYnLtuzk,train,saxophone
OufpA4FV1Tc,train,saxophone
lDCeAgGUwyc,train,saxophone
FR_1gEaBeeE,train,saxophone
fH4pDr8CqI8,train,saxophone
uPkGEtn5jxE,train,saxophone
9XoXQXCVUQY,train,saxophone
TSEWnnKagqQ,train,saxophone
tGG2P7mjuqQ,train,saxophone
NLGte2YC6Oc,train,saxophone
5_NsbkyLO2Q,train,saxophone
OxA5Z_5-w0E,train,saxophone
e5YNEk9Ye-o,val,saxophone
QOYMhOXfGMw,val,saxophone
e73x3LGeb_Q,test,saxophone
R700Q9DEUEk,test,saxophone
P5pxcBdxa4E,test,saxophone
EIpvnh0otts,test,saxophone
xyi0Ft3sb0U,test,saxophone
geK-gOMgm20,test,saxophone
BBIENSA_GkE,train,erhu
BB6a5BPpbFs,train,erhu
SVZNEDEIK48,train,erhu
YLTpkQqX_ek,train,erhu
AlYZ7nWkzcQ,train,erhu
HOUBn-wHcwQ,train,erhu
EtrYq3j7src,train,erhu
0oKi3ARn640,train,erhu
P_dHPMofcwM,train,erhu
3XAn8BHmtKg,train,erhu
-SzFwDekTGo,train,erhu
-e5DuAUwBgA,train,erhu
JEDgAVcR_yE,train,erhu
Lv2vc_8CZLc,train,erhu
V9rjOI5YEDE,train,erhu
C7K9dQHlViM,train,erhu
HwVslStJE6U,train,erhu
-7l7M6vMm1k,train,erhu
-5MipMQ25cU,train,erhu
9PJgKV2VCcM,train,erhu
XvnFhocZ6qM,train,erhu
EJ-dXyKrSKA,train,erhu
Vq0eH1uUvXc,train,erhu
PFX2WTY9gWI,train,erhu
AOAE4euXbEc,train,erhu
6d0tmb28kV4,train,erhu
2D2ALfuqDpk,train,erhu
REiXxfSu3Fw,train,erhu
0VyVd_QUCl8,train,erhu
GtQixP8bAk8,train,erhu
I5IYfx7ontI,train,erhu
7v9Z3IdjP8s,train,erhu
MTyf4utLlJk,train,erhu
7THzf3cfEtA,train,erhu
HGqEtp1wpyc,train,erhu
31GOxPXDNkk,val,erhu
MJgy2-QJxmE,val,erhu
Us9dxgfBfeo,val,erhu
ZMM_u1Bk0SI,val,erhu
8rb-thew50c,val,erhu
TWrh_c9YRp8,test,erhu
37HdHAzJrOQ,test,erhu
DLTK2_UyrDI,test,erhu
GgZOTwwD39Y,test,erhu
Mdryqvk0UH0,test,erhu
1wrfS5PHbKE,test,erhu
GH8dcVpkhc0,test,erhu
3n-vlswrQYM,test,erhu
CtrTfd8foxA,test,erhu
P6mSuuTzYxk,test,erhu
DlqCn_xrNRU,test,erhu
